site_nr,sitename
3227,seattletimes.com
337,outbrain.com
1560,natomanga.com
4660,opera-mini.net
812,change.org
4289,powerplatform.com
2755,sexmup3x.net
685,creativecdn.com
2679,google.us
4377,alamy.com
1389,uci.edu
2688,padlet.com
1863,mapbox.com
2892,cell.com
795,upwork.com
2774,bbci.co.uk
767,fda.gov
4402,mensjournal.com
873,huffingtonpost.com
1960,barnesandnoble.com
3832,bingapis.com
4595,flingo.tv
2122,lge.com
2884,rkdms.com
1706,staseraintv.com
2692,allawntech.com
4919,aliexpress.us
475,wired.com
192,t.co
2833,5movierulz.haus
3470,the-ozone-project.com
668,quantserve.com
1885,site.com
1423,3bmeteo.com
3536,afraid.org
926,presage.io
4072,ow.ly
3399,globalpay.com
1329,nesine.com
100,reddit.com
4004,southwest.com
1169,pusher.com
4232,mosyle.com
2858,unruly.co
4545,pch.com
1101,coursera.org
747,zemanta.com
3046,elle.com
3500,bittorrent.com
1920,springserve.com
23923,footwearnews.com
21682,lidl.it
5700,baseball-reference.com
20635,centris.ca
17072,turkticaret.net
10110,st-andrews.ac.uk
5505,snigelweb.com
11664,kaercher.com
9703,loopnet.com
19535,verisoul.ai
10819,wwe.com
20858,zineone.com
7009,24.hu
8183,mercadolivre.com
20381,lbc.co.uk
21400,cpj.org
7245,me-qr.com
7420,ncaa.com
18633,notamedia.com
5730,pixeldrain.com
22414,instinet.com
14420,lpl.com
13949,rezdy.com
14571,oed.com
16469,ultahost.com
6494,empik.com
14832,liberty.edu
11422,gx.me
9191,physicsandmathstutor.com
22821,realvnc.com
9929,protonmail.com
9875,uptodate.com
7820,superbthemes.com
7023,humblebundle.com
5813,scholastic.com
15320,emag.hu
9091,google.com.bn
11308,flexwebhosting.nl
9336,wishlink.com
19077,zte.com.cn
6047,whatismyipaddress.com
5417,oxylabs.io
15959,warhammer.com
8626,gotomypc.com
20254,tugraz.at
5026,hosteurope.de
9416,loilonote.app
9567,buchstaben.com
9257,javsek.net
6048,golang.org
53005,foodora.com
50075,exploregeorgia.org
96633,fsdn.com
95840,vjudge.net
45771,lyon.fr
46972,biblio.com
41657,pontem.network
38892,dll-files.com
32640,helloclue.com
36825,fayobserver.com
53523,joefresh.com
62462,chip.pl
42919,newtimes.co.rw
35397,qikify.com
98377,selfhost.co
99520,turnto23.com
25767,copaair.com
55907,gates.com
79051,capturehighered.net
37863,ing.pl
93276,stat24.com
84259,carlsberggroup.com
92308,ponchooutdoors.com
28274,firstmedia.com
36441,elsevierpure.com
33788,monoprix.fr
27161,kosma.com
69174,cslplasma.com
74400,overtons.com
53743,dorsetecho.co.uk
33264,rajaneditz.com
87706,targetstudy.com
34655,crumblcookies.com
92901,craveonline.com
68348,fabrik.com
40537,omanair.com
51159,prima.it
39329,jci.com
25590,blogspot.mx
97221,myccv.eu
83653,crunchgear.com
63430,zacaris.com
68573,brooklynpaper.com
83733,memora.es
38482,whio.com
93249,trainheroic.com
72481,laprovinciacr.it
97795,postnord.se
59415,lyonmag.com
49985,cuponomia.com.br
457502,stamford.com.au
165805,meteogalicia.gal
200151,neurolaunch.com
893482,octane.rent
115498,realtyww.info
240360,henryusa.com
376498,5sterrenspecialist.nl
411911,cittadinanzattiva.it
434017,chimcanhviet.vn
108716,embalses.net
190818,calculators.ro
304798,rvmnews.com
425625,accuray.com
982415,athleticsintegrity.org
235573,anniesloan.com
917716,k42.dev
176430,supercontrol.co.uk
894128,clicandpostagencia.com
184216,goovi.com
107101,cruse.org.uk
248668,nicholsonspubs.co.uk
404217,ht-web.com
182646,poise.com
141207,leiden.edu
314259,trinituner.com
177645,allnovel.net
359594,sony.com.br
296622,modernhomelife.com
353532,resilienteducator.com
942099,biobridgeglobal.org
100683,marvin.com
273891,goconstruct.org
238431,softheon.com
326940,scottishwater.co.uk
436203,learninghub.nhs.uk
134797,pornpics.chat
406645,outfitbook.fr
478221,flow.club
355563,carlfriedrik.com
909582,mini4x4.ca
305963,livestockmarket.com
155051,badak178.info
469873,worldmosquitoprogram.org
247284,kickslab.com
166841,breathlessresorts.com
265096,web365.ro
445904,claritas.com.br
224712,racquetguys.ca
233709,symplelending.com
383969,citrushr.com
